user_id,item_id,answer,prediction
125,254,1,1.70841
125,255,1,2.1752
125,258,3,1.20648
147,254,1,1.53362
147,304,1,1.65768
147,261,1,1.37347
70,254,2,1.30234
70,257,2,1.56277
70,258,1,2.33449
75,254,1,1.32456
75,255,1,1.44327
75,257,1,1.6124
130,254,1,1.61322
130,255,2,1.27487
130,259,1,1.98545
130,261,1,1.63213
98,264,1,1.51356
98,265,1,1.63593
98,266,1,1.54078
98,267,1,1.50767
98,268,1,1.54058
98,271,1,1.58026
