user_id,item_id,answer,prediction
125,254,1,1.51397
125,255,1,1.97126
125,258,3,1.20533
147,254,1,1.36807
147,304,1,1.53088
70,254,2,1.34194
70,257,2,1.62344
70,258,1,2.08918
75,254,1,1.26884
75,255,1,1.46193
75,257,1,1.5401
130,254,1,1.62467
130,255,2,1.2311
130,259,1,1.60812
130,261,1,1.64643
98,264,1,1.35467
98,265,1,1.36052
98,266,1,1.34309
98,267,1,1.35123
98,268,1,1.32867
98,271,1,1.41531
