user_id,item_id,answer,prediction
70,622,2,1.5548
70,605,2,2.65228
70,608,1,1.39932
70,619,1,1.65016
75,605,2,2.96063
98,640,1,1.67439
98,664,1,1.61194
98,655,1,1.65227
98,634,1,1.66285
98,667,1,1.57982
98,656,1,1.67584
98,635,1,1.55801
98,659,2,1.56745
98,638,1,1.65022
98,627,1,1.57997
98,605,5,1.46148
98,639,1,1.51541
98,628,1,1.71827
98,629,2,1.59231
