user_id,item_id,answer,prediction
70,622,2,1.65364
70,605,2,2.66582
70,608,1,2.02444
70,619,1,1.99924
75,605,2,3.04028
98,640,1,2.0007
98,664,1,1.7112
98,655,1,1.78804
98,634,1,1.58886
98,667,1,1.69634
98,656,1,1.608
98,635,1,1.74819
98,659,2,1.7425
98,638,1,1.81519
98,627,1,1.59334
98,605,5,1.43797
98,639,1,1.60835
98,628,1,1.77483
98,629,2,1.62716
